model,error
Regression,1.3333744956
KNN,1.0589106363
SVM,1.7504442995
SVM_Linear,1.439495284
SVM_Radial,1.6704039853
Decision_Tree,1.2338026715
RF,1.2690200667
XGBoost,2.2648275042
