"model_name","error"
"Regression",1.35843591403423
"KNN",1.32760661075246
"SVM",1.75128468704546
"SVM_Linear",1.46476306221563
"SVM_Radial",1.77596393699977
"Decision_Tree",1.4299274722425
"RF",1.46375969764881
"XGBoost",1.31737795117376
